version,1.3.0
info,team,Kolkata Knight Riders
info,team,Mumbai Indians
info,gender,male
info,season,2017
info,date,2017/05/13
info,competition,Indian Premier League
info,match_number,54
info,venue,Eden Gardens
info,city,Kolkata
info,toss_winner,Kolkata Knight Riders
info,toss_decision,field
info,player_of_match,AT Rayudu
info,umpire,A Nand Kishore
info,umpire,S Ravi
info,reserve_umpire,Navdeep Singh
info,tv_umpire,VK Sharma
info,match_referee,J Srinath
info,winner,Mumbai Indians
info,winner_runs,9
ball,1,0.1,Mumbai Indians,SS Tiwary,LMP Simmons,TA Boult,0,1,"",""
ball,1,0.2,Mumbai Indians,SS Tiwary,LMP Simmons,TA Boult,0,0,"",""
ball,1,0.3,Mumbai Indians,SS Tiwary,LMP Simmons,TA Boult,0,0,"",""
ball,1,0.4,Mumbai Indians,SS Tiwary,LMP Simmons,TA Boult,1,0,"",""
ball,1,0.5,Mumbai Indians,LMP Simmons,SS Tiwary,TA Boult,0,0,"",""
ball,1,0.6,Mumbai Indians,LMP Simmons,SS Tiwary,TA Boult,0,0,"",""
ball,1,0.7,Mumbai Indians,LMP Simmons,SS Tiwary,TA Boult,0,0,"",""
ball,1,1.1,Mumbai Indians,SS Tiwary,LMP Simmons,C de Grandhomme,4,0,"",""
ball,1,1.2,Mumbai Indians,SS Tiwary,LMP Simmons,C de Grandhomme,0,0,"",""
ball,1,1.3,Mumbai Indians,SS Tiwary,LMP Simmons,C de Grandhomme,0,0,"",""
ball,1,1.4,Mumbai Indians,SS Tiwary,LMP Simmons,C de Grandhomme,0,1,"",""
ball,1,1.5,Mumbai Indians,SS Tiwary,LMP Simmons,C de Grandhomme,4,0,"",""
ball,1,1.6,Mumbai Indians,SS Tiwary,LMP Simmons,C de Grandhomme,0,1,"",""
ball,1,1.7,Mumbai Indians,SS Tiwary,LMP Simmons,C de Grandhomme,0,0,"",""
ball,1,1.8,Mumbai Indians,SS Tiwary,LMP Simmons,C de Grandhomme,0,0,"",""
ball,1,2.1,Mumbai Indians,LMP Simmons,SS Tiwary,TA Boult,0,0,"",""
ball,1,2.2,Mumbai Indians,LMP Simmons,SS Tiwary,TA Boult,0,0,caught,LMP Simmons
ball,1,2.3,Mumbai Indians,RG Sharma,SS Tiwary,TA Boult,0,0,"",""
ball,1,2.4,Mumbai Indians,RG Sharma,SS Tiwary,TA Boult,1,0,"",""
ball,1,2.5,Mumbai Indians,SS Tiwary,RG Sharma,TA Boult,4,0,"",""
ball,1,2.6,Mumbai Indians,SS Tiwary,RG Sharma,TA Boult,1,0,"",""
ball,1,3.1,Mumbai Indians,SS Tiwary,RG Sharma,UT Yadav,0,0,"",""
ball,1,3.2,Mumbai Indians,SS Tiwary,RG Sharma,UT Yadav,1,0,"",""
ball,1,3.3,Mumbai Indians,RG Sharma,SS Tiwary,UT Yadav,0,4,"",""
ball,1,3.4,Mumbai Indians,RG Sharma,SS Tiwary,UT Yadav,4,0,"",""
ball,1,3.5,Mumbai Indians,RG Sharma,SS Tiwary,UT Yadav,1,0,"",""
ball,1,3.6,Mumbai Indians,SS Tiwary,RG Sharma,UT Yadav,4,0,"",""
ball,1,4.1,Mumbai Indians,RG Sharma,SS Tiwary,SP Narine,0,0,"",""
ball,1,4.2,Mumbai Indians,RG Sharma,SS Tiwary,SP Narine,0,0,"",""
ball,1,4.3,Mumbai Indians,RG Sharma,SS Tiwary,SP Narine,4,0,"",""
ball,1,4.4,Mumbai Indians,RG Sharma,SS Tiwary,SP Narine,0,0,"",""
ball,1,4.5,Mumbai Indians,RG Sharma,SS Tiwary,SP Narine,0,2,"",""
ball,1,4.6,Mumbai Indians,SS Tiwary,RG Sharma,SP Narine,1,0,"",""
ball,1,4.7,Mumbai Indians,RG Sharma,SS Tiwary,SP Narine,0,0,"",""
ball,1,5.1,Mumbai Indians,SS Tiwary,RG Sharma,UT Yadav,4,0,"",""
ball,1,5.2,Mumbai Indians,SS Tiwary,RG Sharma,UT Yadav,0,0,"",""
ball,1,5.3,Mumbai Indians,SS Tiwary,RG Sharma,UT Yadav,1,0,"",""
ball,1,5.4,Mumbai Indians,RG Sharma,SS Tiwary,UT Yadav,6,0,"",""
ball,1,5.5,Mumbai Indians,RG Sharma,SS Tiwary,UT Yadav,1,0,"",""
ball,1,5.6,Mumbai Indians,SS Tiwary,RG Sharma,UT Yadav,0,0,"",""
ball,1,6.1,Mumbai Indians,RG Sharma,SS Tiwary,C de Grandhomme,4,0,"",""
ball,1,6.2,Mumbai Indians,RG Sharma,SS Tiwary,C de Grandhomme,0,0,"",""
ball,1,6.3,Mumbai Indians,RG Sharma,SS Tiwary,C de Grandhomme,1,0,"",""
ball,1,6.4,Mumbai Indians,SS Tiwary,RG Sharma,C de Grandhomme,0,0,"",""
ball,1,6.5,Mumbai Indians,SS Tiwary,RG Sharma,C de Grandhomme,1,0,"",""
ball,1,6.6,Mumbai Indians,RG Sharma,SS Tiwary,C de Grandhomme,0,0,"",""
ball,1,7.1,Mumbai Indians,SS Tiwary,RG Sharma,Kuldeep Yadav,1,0,"",""
ball,1,7.2,Mumbai Indians,RG Sharma,SS Tiwary,Kuldeep Yadav,4,0,"",""
ball,1,7.3,Mumbai Indians,RG Sharma,SS Tiwary,Kuldeep Yadav,0,0,"",""
ball,1,7.4,Mumbai Indians,RG Sharma,SS Tiwary,Kuldeep Yadav,0,4,"",""
ball,1,7.5,Mumbai Indians,RG Sharma,SS Tiwary,Kuldeep Yadav,1,0,"",""
ball,1,7.6,Mumbai Indians,SS Tiwary,RG Sharma,Kuldeep Yadav,1,0,"",""
ball,1,8.1,Mumbai Indians,SS Tiwary,RG Sharma,AS Rajpoot,0,1,"",""
ball,1,8.2,Mumbai Indians,RG Sharma,SS Tiwary,AS Rajpoot,0,0,lbw,RG Sharma
ball,1,8.3,Mumbai Indians,AT Rayudu,SS Tiwary,AS Rajpoot,0,0,"",""
ball,1,8.4,Mumbai Indians,AT Rayudu,SS Tiwary,AS Rajpoot,1,0,"",""
ball,1,8.5,Mumbai Indians,SS Tiwary,AT Rayudu,AS Rajpoot,0,1,"",""
ball,1,8.6,Mumbai Indians,AT Rayudu,SS Tiwary,AS Rajpoot,1,0,"",""
ball,1,9.1,Mumbai Indians,AT Rayudu,SS Tiwary,Kuldeep Yadav,1,0,"",""
ball,1,9.2,Mumbai Indians,SS Tiwary,AT Rayudu,Kuldeep Yadav,1,0,"",""
ball,1,9.3,Mumbai Indians,AT Rayudu,SS Tiwary,Kuldeep Yadav,2,0,"",""
ball,1,9.4,Mumbai Indians,AT Rayudu,SS Tiwary,Kuldeep Yadav,1,0,"",""
ball,1,9.5,Mumbai Indians,SS Tiwary,AT Rayudu,Kuldeep Yadav,1,0,"",""
ball,1,9.6,Mumbai Indians,AT Rayudu,SS Tiwary,Kuldeep Yadav,1,0,"",""
ball,1,10.1,Mumbai Indians,AT Rayudu,SS Tiwary,AS Rajpoot,1,0,"",""
ball,1,10.2,Mumbai Indians,SS Tiwary,AT Rayudu,AS Rajpoot,4,0,"",""
ball,1,10.3,Mumbai Indians,SS Tiwary,AT Rayudu,AS Rajpoot,0,0,"",""
ball,1,10.4,Mumbai Indians,SS Tiwary,AT Rayudu,AS Rajpoot,1,0,"",""
ball,1,10.5,Mumbai Indians,AT Rayudu,SS Tiwary,AS Rajpoot,1,0,"",""
ball,1,10.6,Mumbai Indians,SS Tiwary,AT Rayudu,AS Rajpoot,0,0,"",""
ball,1,11.1,Mumbai Indians,AT Rayudu,SS Tiwary,SP Narine,1,0,"",""
ball,1,11.2,Mumbai Indians,SS Tiwary,AT Rayudu,SP Narine,1,0,"",""
ball,1,11.3,Mumbai Indians,AT Rayudu,SS Tiwary,SP Narine,0,0,"",""
ball,1,11.4,Mumbai Indians,AT Rayudu,SS Tiwary,SP Narine,4,0,"",""
ball,1,11.5,Mumbai Indians,AT Rayudu,SS Tiwary,SP Narine,1,0,"",""
ball,1,11.6,Mumbai Indians,SS Tiwary,AT Rayudu,SP Narine,1,0,"",""
ball,1,12.1,Mumbai Indians,SS Tiwary,AT Rayudu,AS Rajpoot,0,0,"",""
ball,1,12.2,Mumbai Indians,SS Tiwary,AT Rayudu,AS Rajpoot,1,0,"",""
ball,1,12.3,Mumbai Indians,AT Rayudu,SS Tiwary,AS Rajpoot,0,0,"",""
ball,1,12.4,Mumbai Indians,AT Rayudu,SS Tiwary,AS Rajpoot,0,0,"",""
ball,1,12.5,Mumbai Indians,AT Rayudu,SS Tiwary,AS Rajpoot,2,0,"",""
ball,1,12.6,Mumbai Indians,AT Rayudu,SS Tiwary,AS Rajpoot,2,0,"",""
ball,1,13.1,Mumbai Indians,SS Tiwary,AT Rayudu,UT Yadav,4,0,"",""
ball,1,13.2,Mumbai Indians,SS Tiwary,AT Rayudu,UT Yadav,0,0,"",""
ball,1,13.3,Mumbai Indians,SS Tiwary,AT Rayudu,UT Yadav,1,0,"",""
ball,1,13.4,Mumbai Indians,AT Rayudu,SS Tiwary,UT Yadav,1,0,"",""
ball,1,13.5,Mumbai Indians,SS Tiwary,AT Rayudu,UT Yadav,0,0,"",""
ball,1,13.6,Mumbai Indians,SS Tiwary,AT Rayudu,UT Yadav,0,0,"",""
ball,1,14.1,Mumbai Indians,AT Rayudu,SS Tiwary,SP Narine,0,0,"",""
ball,1,14.2,Mumbai Indians,AT Rayudu,SS Tiwary,SP Narine,4,0,"",""
ball,1,14.3,Mumbai Indians,AT Rayudu,SS Tiwary,SP Narine,0,0,"",""
ball,1,14.4,Mumbai Indians,AT Rayudu,SS Tiwary,SP Narine,1,0,"",""
ball,1,14.5,Mumbai Indians,SS Tiwary,AT Rayudu,SP Narine,4,0,"",""
ball,1,14.6,Mumbai Indians,SS Tiwary,AT Rayudu,SP Narine,4,0,"",""
ball,1,15.1,Mumbai Indians,AT Rayudu,SS Tiwary,UT Yadav,1,0,"",""
ball,1,15.2,Mumbai Indians,SS Tiwary,AT Rayudu,UT Yadav,1,0,"",""
ball,1,15.3,Mumbai Indians,AT Rayudu,SS Tiwary,UT Yadav,4,0,"",""
ball,1,15.4,Mumbai Indians,AT Rayudu,SS Tiwary,UT Yadav,6,0,"",""
ball,1,15.5,Mumbai Indians,AT Rayudu,SS Tiwary,UT Yadav,0,0,"",""
ball,1,15.6,Mumbai Indians,AT Rayudu,SS Tiwary,UT Yadav,0,0,run out,SS Tiwary
ball,1,16.1,Mumbai Indians,AT Rayudu,KA Pollard,SP Narine,4,0,"",""
ball,1,16.2,Mumbai Indians,AT Rayudu,KA Pollard,SP Narine,1,0,"",""
ball,1,16.3,Mumbai Indians,KA Pollard,AT Rayudu,SP Narine,0,0,"",""
ball,1,16.4,Mumbai Indians,KA Pollard,AT Rayudu,SP Narine,2,0,"",""
ball,1,16.5,Mumbai Indians,KA Pollard,AT Rayudu,SP Narine,1,0,"",""
ball,1,16.6,Mumbai Indians,AT Rayudu,KA Pollard,SP Narine,1,0,"",""
ball,1,17.1,Mumbai Indians,AT Rayudu,KA Pollard,TA Boult,4,0,"",""
ball,1,17.2,Mumbai Indians,AT Rayudu,KA Pollard,TA Boult,6,0,"",""
ball,1,17.3,Mumbai Indians,AT Rayudu,KA Pollard,TA Boult,0,0,"",""
ball,1,17.4,Mumbai Indians,AT Rayudu,KA Pollard,TA Boult,1,0,"",""
ball,1,17.5,Mumbai Indians,KA Pollard,AT Rayudu,TA Boult,6,0,"",""
ball,1,17.6,Mumbai Indians,KA Pollard,AT Rayudu,TA Boult,1,0,"",""
ball,1,18.1,Mumbai Indians,KA Pollard,AT Rayudu,Kuldeep Yadav,0,0,"",""
ball,1,18.2,Mumbai Indians,KA Pollard,AT Rayudu,Kuldeep Yadav,1,0,"",""
ball,1,18.3,Mumbai Indians,AT Rayudu,KA Pollard,Kuldeep Yadav,4,0,"",""
ball,1,18.4,Mumbai Indians,AT Rayudu,KA Pollard,Kuldeep Yadav,6,0,"",""
ball,1,18.5,Mumbai Indians,AT Rayudu,KA Pollard,Kuldeep Yadav,0,0,stumped,AT Rayudu
ball,1,18.6,Mumbai Indians,HH Pandya,KA Pollard,Kuldeep Yadav,0,0,"",""
ball,1,19.1,Mumbai Indians,KA Pollard,HH Pandya,TA Boult,0,0,"",""
ball,1,19.2,Mumbai Indians,KA Pollard,HH Pandya,TA Boult,0,0,"",""
ball,1,19.3,Mumbai Indians,KA Pollard,HH Pandya,TA Boult,2,0,"",""
ball,1,19.4,Mumbai Indians,KA Pollard,HH Pandya,TA Boult,0,0,caught,KA Pollard
ball,1,19.5,Mumbai Indians,HH Pandya,KH Pandya,TA Boult,0,1,"",""
ball,1,19.6,Mumbai Indians,HH Pandya,KH Pandya,TA Boult,1,0,"",""
ball,1,19.7,Mumbai Indians,KH Pandya,HH Pandya,TA Boult,0,1,"",""
ball,2,0.1,Kolkata Knight Riders,SP Narine,CA Lynn,TG Southee,0,0,"",""
ball,2,0.2,Kolkata Knight Riders,SP Narine,CA Lynn,TG Southee,0,0,"",""
ball,2,0.3,Kolkata Knight Riders,SP Narine,CA Lynn,TG Southee,0,0,"",""
ball,2,0.4,Kolkata Knight Riders,SP Narine,CA Lynn,TG Southee,0,0,caught,SP Narine
ball,2,0.5,Kolkata Knight Riders,CA Lynn,G Gambhir,TG Southee,0,0,"",""
ball,2,0.6,Kolkata Knight Riders,CA Lynn,G Gambhir,TG Southee,0,0,"",""
ball,2,1.1,Kolkata Knight Riders,G Gambhir,CA Lynn,MG Johnson,0,0,"",""
ball,2,1.2,Kolkata Knight Riders,G Gambhir,CA Lynn,MG Johnson,1,0,"",""
ball,2,1.3,Kolkata Knight Riders,CA Lynn,G Gambhir,MG Johnson,0,1,"",""
ball,2,1.4,Kolkata Knight Riders,CA Lynn,G Gambhir,MG Johnson,0,1,"",""
ball,2,1.5,Kolkata Knight Riders,G Gambhir,CA Lynn,MG Johnson,4,0,"",""
ball,2,1.6,Kolkata Knight Riders,G Gambhir,CA Lynn,MG Johnson,0,0,"",""
ball,2,1.7,Kolkata Knight Riders,G Gambhir,CA Lynn,MG Johnson,4,0,"",""
ball,2,2.1,Kolkata Knight Riders,CA Lynn,G Gambhir,TG Southee,6,0,"",""
ball,2,2.2,Kolkata Knight Riders,CA Lynn,G Gambhir,TG Southee,0,1,"",""
ball,2,2.3,Kolkata Knight Riders,G Gambhir,CA Lynn,TG Southee,0,0,"",""
ball,2,2.4,Kolkata Knight Riders,G Gambhir,CA Lynn,TG Southee,0,1,"",""
ball,2,2.5,Kolkata Knight Riders,G Gambhir,CA Lynn,TG Southee,1,0,"",""
ball,2,2.6,Kolkata Knight Riders,CA Lynn,G Gambhir,TG Southee,6,0,"",""
ball,2,2.7,Kolkata Knight Riders,CA Lynn,G Gambhir,TG Southee,4,0,"",""
ball,2,3.1,Kolkata Knight Riders,G Gambhir,CA Lynn,KV Sharma,0,0,"",""
ball,2,3.2,Kolkata Knight Riders,G Gambhir,CA Lynn,KV Sharma,0,0,"",""
ball,2,3.3,Kolkata Knight Riders,G Gambhir,CA Lynn,KV Sharma,0,0,"",""
ball,2,3.4,Kolkata Knight Riders,G Gambhir,CA Lynn,KV Sharma,4,0,"",""
ball,2,3.5,Kolkata Knight Riders,G Gambhir,CA Lynn,KV Sharma,0,0,"",""
ball,2,3.6,Kolkata Knight Riders,G Gambhir,CA Lynn,KV Sharma,1,0,"",""
ball,2,4.1,Kolkata Knight Riders,G Gambhir,CA Lynn,MG Johnson,6,0,"",""
ball,2,4.2,Kolkata Knight Riders,G Gambhir,CA Lynn,MG Johnson,0,0,"",""
ball,2,4.3,Kolkata Knight Riders,G Gambhir,CA Lynn,MG Johnson,0,0,caught,G Gambhir
ball,2,4.4,Kolkata Knight Riders,CA Lynn,RV Uthappa,MG Johnson,0,0,"",""
ball,2,4.5,Kolkata Knight Riders,CA Lynn,RV Uthappa,MG Johnson,4,0,"",""
ball,2,4.6,Kolkata Knight Riders,CA Lynn,RV Uthappa,MG Johnson,4,0,"",""
ball,2,5.1,Kolkata Knight Riders,RV Uthappa,CA Lynn,KV Sharma,1,0,"",""
ball,2,5.2,Kolkata Knight Riders,CA Lynn,RV Uthappa,KV Sharma,1,0,"",""
ball,2,5.3,Kolkata Knight Riders,RV Uthappa,CA Lynn,KV Sharma,1,0,"",""
ball,2,5.4,Kolkata Knight Riders,CA Lynn,RV Uthappa,KV Sharma,1,0,"",""
ball,2,5.5,Kolkata Knight Riders,RV Uthappa,CA Lynn,KV Sharma,0,0,"",""
ball,2,5.6,Kolkata Knight Riders,RV Uthappa,CA Lynn,KV Sharma,0,0,caught,RV Uthappa
ball,2,6.1,Kolkata Knight Riders,CA Lynn,MK Pandey,R Vinay Kumar,0,0,"",""
ball,2,6.2,Kolkata Knight Riders,CA Lynn,MK Pandey,R Vinay Kumar,0,0,caught,CA Lynn
ball,2,6.3,Kolkata Knight Riders,YK Pathan,MK Pandey,R Vinay Kumar,6,0,"",""
ball,2,6.4,Kolkata Knight Riders,YK Pathan,MK Pandey,R Vinay Kumar,1,0,"",""
ball,2,6.5,Kolkata Knight Riders,MK Pandey,YK Pathan,R Vinay Kumar,0,0,"",""
ball,2,6.6,Kolkata Knight Riders,MK Pandey,YK Pathan,R Vinay Kumar,3,0,"",""
ball,2,7.1,Kolkata Knight Riders,MK Pandey,YK Pathan,KV Sharma,0,0,"",""
ball,2,7.2,Kolkata Knight Riders,MK Pandey,YK Pathan,KV Sharma,0,0,"",""
ball,2,7.3,Kolkata Knight Riders,MK Pandey,YK Pathan,KV Sharma,4,0,"",""
ball,2,7.4,Kolkata Knight Riders,MK Pandey,YK Pathan,KV Sharma,1,0,"",""
ball,2,7.5,Kolkata Knight Riders,YK Pathan,MK Pandey,KV Sharma,6,0,"",""
ball,2,7.6,Kolkata Knight Riders,YK Pathan,MK Pandey,KV Sharma,6,0,"",""
ball,2,8.1,Kolkata Knight Riders,MK Pandey,YK Pathan,R Vinay Kumar,1,0,"",""
ball,2,8.2,Kolkata Knight Riders,YK Pathan,MK Pandey,R Vinay Kumar,0,0,"",""
ball,2,8.3,Kolkata Knight Riders,YK Pathan,MK Pandey,R Vinay Kumar,0,2,"",""
ball,2,8.4,Kolkata Knight Riders,MK Pandey,YK Pathan,R Vinay Kumar,1,0,"",""
ball,2,8.5,Kolkata Knight Riders,YK Pathan,MK Pandey,R Vinay Kumar,0,1,"",""
ball,2,8.6,Kolkata Knight Riders,YK Pathan,MK Pandey,R Vinay Kumar,1,0,"",""
ball,2,8.7,Kolkata Knight Riders,MK Pandey,YK Pathan,R Vinay Kumar,1,0,"",""
ball,2,8.8,Kolkata Knight Riders,YK Pathan,MK Pandey,R Vinay Kumar,0,0,caught,YK Pathan
ball,2,9.1,Kolkata Knight Riders,C de Grandhomme,MK Pandey,KH Pandya,1,0,"",""
ball,2,9.2,Kolkata Knight Riders,MK Pandey,C de Grandhomme,KH Pandya,0,0,"",""
ball,2,9.3,Kolkata Knight Riders,MK Pandey,C de Grandhomme,KH Pandya,2,0,"",""
ball,2,9.4,Kolkata Knight Riders,MK Pandey,C de Grandhomme,KH Pandya,1,0,"",""
ball,2,9.5,Kolkata Knight Riders,C de Grandhomme,MK Pandey,KH Pandya,0,0,"",""
ball,2,9.6,Kolkata Knight Riders,C de Grandhomme,MK Pandey,KH Pandya,1,0,"",""
ball,2,10.1,Kolkata Knight Riders,C de Grandhomme,MK Pandey,R Vinay Kumar,4,0,"",""
ball,2,10.2,Kolkata Knight Riders,C de Grandhomme,MK Pandey,R Vinay Kumar,4,0,"",""
ball,2,10.3,Kolkata Knight Riders,C de Grandhomme,MK Pandey,R Vinay Kumar,1,0,"",""
ball,2,10.4,Kolkata Knight Riders,MK Pandey,C de Grandhomme,R Vinay Kumar,1,0,"",""
ball,2,10.5,Kolkata Knight Riders,C de Grandhomme,MK Pandey,R Vinay Kumar,0,0,"",""
ball,2,10.6,Kolkata Knight Riders,C de Grandhomme,MK Pandey,R Vinay Kumar,4,0,"",""
ball,2,11.1,Kolkata Knight Riders,MK Pandey,C de Grandhomme,KH Pandya,1,0,"",""
ball,2,11.2,Kolkata Knight Riders,C de Grandhomme,MK Pandey,KH Pandya,1,0,"",""
ball,2,11.3,Kolkata Knight Riders,MK Pandey,C de Grandhomme,KH Pandya,1,0,"",""
ball,2,11.4,Kolkata Knight Riders,C de Grandhomme,MK Pandey,KH Pandya,4,0,"",""
ball,2,11.5,Kolkata Knight Riders,C de Grandhomme,MK Pandey,KH Pandya,1,0,"",""
ball,2,11.6,Kolkata Knight Riders,MK Pandey,C de Grandhomme,KH Pandya,1,0,"",""
ball,2,12.1,Kolkata Knight Riders,MK Pandey,C de Grandhomme,HH Pandya,2,0,"",""
ball,2,12.2,Kolkata Knight Riders,MK Pandey,C de Grandhomme,HH Pandya,1,0,"",""
ball,2,12.3,Kolkata Knight Riders,C de Grandhomme,MK Pandey,HH Pandya,0,0,"",""
ball,2,12.4,Kolkata Knight Riders,C de Grandhomme,MK Pandey,HH Pandya,6,0,"",""
ball,2,12.5,Kolkata Knight Riders,C de Grandhomme,MK Pandey,HH Pandya,1,0,"",""
ball,2,12.6,Kolkata Knight Riders,MK Pandey,C de Grandhomme,HH Pandya,1,0,"",""
ball,2,13.1,Kolkata Knight Riders,MK Pandey,C de Grandhomme,MG Johnson,0,0,"",""
ball,2,13.2,Kolkata Knight Riders,MK Pandey,C de Grandhomme,MG Johnson,0,0,"",""
ball,2,13.3,Kolkata Knight Riders,MK Pandey,C de Grandhomme,MG Johnson,0,0,"",""
ball,2,13.4,Kolkata Knight Riders,MK Pandey,C de Grandhomme,MG Johnson,0,0,"",""
ball,2,13.5,Kolkata Knight Riders,MK Pandey,C de Grandhomme,MG Johnson,1,0,"",""
ball,2,13.6,Kolkata Knight Riders,C de Grandhomme,MK Pandey,MG Johnson,1,0,"",""
ball,2,14.1,Kolkata Knight Riders,C de Grandhomme,MK Pandey,HH Pandya,0,0,bowled,C de Grandhomme
ball,2,14.2,Kolkata Knight Riders,Kuldeep Yadav,MK Pandey,HH Pandya,1,0,"",""
ball,2,14.3,Kolkata Knight Riders,MK Pandey,Kuldeep Yadav,HH Pandya,0,0,"",""
ball,2,14.4,Kolkata Knight Riders,MK Pandey,Kuldeep Yadav,HH Pandya,1,0,"",""
ball,2,14.5,Kolkata Knight Riders,Kuldeep Yadav,MK Pandey,HH Pandya,0,0,"",""
ball,2,14.6,Kolkata Knight Riders,Kuldeep Yadav,MK Pandey,HH Pandya,1,0,"",""
ball,2,15.1,Kolkata Knight Riders,Kuldeep Yadav,MK Pandey,MG Johnson,1,0,"",""
ball,2,15.2,Kolkata Knight Riders,MK Pandey,Kuldeep Yadav,MG Johnson,1,0,"",""
ball,2,15.3,Kolkata Knight Riders,Kuldeep Yadav,MK Pandey,MG Johnson,0,0,"",""
ball,2,15.4,Kolkata Knight Riders,Kuldeep Yadav,MK Pandey,MG Johnson,1,0,"",""
ball,2,15.5,Kolkata Knight Riders,MK Pandey,Kuldeep Yadav,MG Johnson,1,0,"",""
ball,2,15.6,Kolkata Knight Riders,Kuldeep Yadav,MK Pandey,MG Johnson,0,0,"",""
ball,2,16.1,Kolkata Knight Riders,MK Pandey,Kuldeep Yadav,TG Southee,4,0,"",""
ball,2,16.2,Kolkata Knight Riders,MK Pandey,Kuldeep Yadav,TG Southee,1,0,"",""
ball,2,16.3,Kolkata Knight Riders,Kuldeep Yadav,MK Pandey,TG Southee,4,0,"",""
ball,2,16.4,Kolkata Knight Riders,Kuldeep Yadav,MK Pandey,TG Southee,1,0,"",""
ball,2,16.5,Kolkata Knight Riders,MK Pandey,Kuldeep Yadav,TG Southee,1,1,"",""
ball,2,16.6,Kolkata Knight Riders,Kuldeep Yadav,MK Pandey,TG Southee,1,0,"",""
ball,2,16.7,Kolkata Knight Riders,MK Pandey,Kuldeep Yadav,TG Southee,1,0,"",""
ball,2,17.1,Kolkata Knight Riders,MK Pandey,Kuldeep Yadav,HH Pandya,0,0,caught,MK Pandey
ball,2,17.2,Kolkata Knight Riders,Kuldeep Yadav,UT Yadav,HH Pandya,0,0,"",""
ball,2,17.3,Kolkata Knight Riders,Kuldeep Yadav,UT Yadav,HH Pandya,1,0,"",""
ball,2,17.4,Kolkata Knight Riders,UT Yadav,Kuldeep Yadav,HH Pandya,1,0,"",""
ball,2,17.5,Kolkata Knight Riders,Kuldeep Yadav,UT Yadav,HH Pandya,1,0,"",""
ball,2,17.6,Kolkata Knight Riders,UT Yadav,Kuldeep Yadav,HH Pandya,1,0,"",""
ball,2,18.1,Kolkata Knight Riders,UT Yadav,Kuldeep Yadav,TG Southee,1,0,"",""
ball,2,18.2,Kolkata Knight Riders,Kuldeep Yadav,UT Yadav,TG Southee,4,0,"",""
ball,2,18.3,Kolkata Knight Riders,Kuldeep Yadav,UT Yadav,TG Southee,0,0,caught,Kuldeep Yadav
ball,2,18.4,Kolkata Knight Riders,TA Boult,UT Yadav,TG Southee,2,0,"",""
ball,2,18.5,Kolkata Knight Riders,TA Boult,UT Yadav,TG Southee,0,0,"",""
ball,2,18.6,Kolkata Knight Riders,TA Boult,UT Yadav,TG Southee,0,0,"",""
ball,2,19.1,Kolkata Knight Riders,UT Yadav,TA Boult,HH Pandya,1,0,"",""
ball,2,19.2,Kolkata Knight Riders,TA Boult,UT Yadav,HH Pandya,2,0,"",""
ball,2,19.3,Kolkata Knight Riders,TA Boult,UT Yadav,HH Pandya,0,0,"",""
ball,2,19.4,Kolkata Knight Riders,TA Boult,UT Yadav,HH Pandya,0,0,"",""
ball,2,19.5,Kolkata Knight Riders,TA Boult,UT Yadav,HH Pandya,0,0,"",""
ball,2,19.6,Kolkata Knight Riders,TA Boult,UT Yadav,HH Pandya,1,0,"",""
